4/2 Stuart Street Manly NSW 2095,/ttsvr/n/prr-webdesign-2?propertyId=3987324
2801-2833 Gold Coast Highway Surfers Paradise QLD 4217,/ttsvr/n/prr-webdesign-2?propertyId=7692770
17/313-315 Flinders Lane Melbourne VIC 3000,/ttsvr/n/prr-webdesign-2?propertyId=11670001
6/19 & 21 Leach Highway Wilson WA 6107,/ttsvr/n/prr-webdesign-2?propertyId=17342842
"4/88 Eighth Avenue Joslin, SA, 5070",/ttsvr/n/prr-webdesign-2?propertyId=9847737
1/43 Woodlands Drive Blackmans Bay TAS 7052,/ttsvr/n/prr-webdesign-2?propertyId=17118195
603/11 Alberta Street Sydney NSW 2000,/ttsvr/n/prr-webdesign-2?propertyId=17263938
203C/19 Barangaroo Avenue Barangaroo NSW 2000,/ttsvr/n/prr-webdesign-2?propertyId=17471395
6 Abbin Court Rowville VIC 3178,/ttsvr/n/prr-webdesign-2?propertyId=12841265
"9A Cambage Street Yarralumla, ACT, 2600",/ttsvr/n/prr-webdesign-2?propertyId=14256353
"3/1A Abuklea Road Marsfield, NSW, 2122",/ttsvr/n/prr-webdesign-2?propertyId=4088168
"19A Ballybunyon Crescent Hope Island, QLD, 4212",/ttsvr/n/prr-webdesign-2?propertyId=5099856
1/1 Addison Road Manly NSW 2095,/ttsvr/n/prr-webdesign-2?propertyId=3969096
2/1 Addison Road Manly NSW 2095,/ttsvr/n/prr-webdesign-2?propertyId=3969102
4/1 Addison Road Manly NSW 2095,/ttsvr/n/prr-webdesign-2?propertyId=3969108
11/1 Addison Road Manly NSW 2095,/ttsvr/n/prr-webdesign-2?propertyId=3969110
12/1 Addison Road Manly NSW 2095,/ttsvr/n/prr-webdesign-2?propertyId=3969113
13/1 Addison Road Manly NSW 2095,/ttsvr/n/prr-webdesign-2?propertyId=3969116
18/1 Addison Road Manly NSW 2095,/ttsvr/n/prr-webdesign-2?propertyId=3969123
10A Addison Road Manly NSW 2095,/ttsvr/n/prr-webdesign-2?propertyId=3969334
29/11 Addison Road Manly NSW 2095,/ttsvr/n/prr-webdesign-2?propertyId=3969409
12 Addison Road Manly NSW 2095,/ttsvr/n/prr-webdesign-2?propertyId=3969416
14 Addison Road Manly NSW 2095,/ttsvr/n/prr-webdesign-2?propertyId=16728979
15 Addison Road Manly NSW 2095,/ttsvr/n/prr-webdesign-2?propertyId=3969423
18 Addison Road Manly NSW 2095,/ttsvr/n/prr-webdesign-2?propertyId=3969431
19A-21 Addison Road Manly NSW 2095,ttsvr/n/prr-webdesign-2?propertyId=3969438
3/19A-21 Addison Road Manly NSW 2095,/ttsvr/n/prr-webdesign-2?propertyId=3969448
7/19A-21 Addison Road Manly NSW 2095,/ttsvr/n/prr-webdesign-2?propertyId=3969458
8/21 Addison Road Manly NSW 2095,/ttsvr/n/prr-webdesign-2?propertyId=17259848
218/22 Central Avenue Manly NSW 2095,/ttsvr/n/prr-webdesign-2?propertyId=3974490
19 Suwarrow Street Manly NSW 2095,/ttsvr/n/prr-webdesign-2?propertyId=3968881
216-218 Pittwater Road Manly NSW 2095,/ttsvr/n/prr-webdesign-2?propertyId=3985816
LOT7079 Tower Street Manly NSW 2095,/ttsvr/n/prr-webdesign-2?propertyId=3968863
10 Addison Road Manly NSW 2095,/ttsvr/n/prr-webdesign-2?propertyId=3969331
12/11 Spring Cove Avenue Manly NSW 2095,/ttsvr/n/prr-webdesign-2?propertyId=17427508
1 Wood Street Manly NSW 2095,/ttsvr/n/prr-webdesign-2?propertyId=16074225
14 Osborne Road Manly NSW 2095,/ttsvr/n/prr-webdesign-2?propertyId=17163052
14 Cove Avenue Manly NSW 2095,/ttsvr/n/prr-webdesign-2?propertyId=3975805
910/228 Abeckett Street Melbourne VIC 3000,/ttsvr/n/prr-webdesign-2?propertyId=17241368
311 Carlton Melbourne VIC 3000,/ttsvr/n/prr-webdesign-2?propertyId=16974973
2505/620 Collins Street Melbourne VIC 3000,/ttsvr/n/prr-webdesign-2?propertyId=11664753
50/485-489 St Kilda Road Melbourne VIC 3000,/ttsvr/n/prr-webdesign-2?propertyId=11704176
210/610 St Kilda Road Melbourne VIC 3000,/ttsvr/n/prr-webdesign-2?propertyId=16060629
54 Agnes Street Melbourne VIC 3000,/ttsvr/n/prr-webdesign-2?propertyId=11657855
402/340 Russell Street Melbourne VIC 3000,/ttsvr/n/prr-webdesign-2?propertyId=11695563
55 Charles Street Melbourne VIC 3000,/ttsvr/n/prr-webdesign-2?propertyId=10876899
88 Bannister Street Bendigo VIC 3550,/ttsvr/n/prr-webdesign-2?propertyId=14644708
28 Bakewell Street Bendigo VIC 3550,/ttsvr/n/prr-webdesign-2?propertyId=14721373
49 Beischer Street Bendigo VIC 3550,/ttsvr/n/prr-webdesign-2?propertyId=9790230
5574 Calder Highway Bendigo VIC 3550,/ttsvr/n/prr-webdesign-2?propertyId=9791698
51 Akoonah Way D'Aguilar QLD 4514,/ttsvr/n/prr-webdesign-2?propertyId=15492296
13-21 Cash Street D'Aguilar QLD 4514,/ttsvr/n/prr-webdesign-2?propertyId=4232377
1849-1867 Wood Street D'Aguilar QLD 4514,/ttsvr/n/prr-webdesign-2?propertyId=4233166
10 Acacia Avenue Surfers Paradise QLD 4217,/ttsvr/n/prr-webdesign-2?propertyId=7670123
53 Burra Street Surfers Paradise QLD 4217,/ttsvr/n/prr-webdesign-2?propertyId=7675215
36 Elliott Street Surfers Paradise QLD 4217,/ttsvr/n/prr-webdesign-2?propertyId=7680345
68 Admiralty Drive Surfers Paradise QLD 4217,/ttsvr/n/prr-webdesign-2?propertyId=7671549
20 Brindisi Avenue Surfers Paradise QLD 4217,/ttsvr/n/prr-webdesign-2?propertyId=7674382
LOT28 Camille Drive Strathdickie QLD 4800,/ttsvr/n/prr-webdesign-2?propertyId=7601521
875 Gregory-Cannonvalley Road Strathdickie QLD 4800,/ttsvr/n/prr-webdesign-2?propertyId=16112906
845 Gregory-Cannonvalley Road Strathdickie QLD 4800,/ttsvr/n/prr-webdesign-2?propertyId=16801853
44 Mountney Road Strathdickie QLD 4800,/ttsvr/n/prr-webdesign-2?propertyId=7601870
34 Discovery Street Red Hill ACT 2603,/ttsvr/n/prr-webdesign-2?propertyId=1135346
18 Alexander Street Red Hill ACT 2603,/ttsvr/n/prr-webdesign-2?propertyId=1135358
21-31 Beagle Street Red Hill ACT 2603,/ttsvr/n/prr-webdesign-2?propertyId=1135419
49 Beagle Street Red Hill ACT 2603,/ttsvr/n/prr-webdesign-2?propertyId=1135438
2/49 Beagle Street Red Hill ACT 2603,/ttsvr/n/prr-webdesign-2?propertyId=1135440
9 Borrowdale Street Red Hill ACT 2603,/ttsvr/n/prr-webdesign-2?propertyId=1135454
1 Abbott Street Yarralumla ACT 2600,/ttsvr/n/prr-webdesign-2?propertyId=1158416
1A Arkana Street Yarralumla ACT 2600,/ttsvr/n/prr-webdesign-2?propertyId=1158450
3B Arkana Street Yarralumla ACT 2600,/ttsvr/n/prr-webdesign-2?propertyId=1158454
2/12B Banks Street Yarralumla ACT 2600,/ttsvr/n/prr-webdesign-2?propertyId=15871853
9 Bentham Street Yarralumla ACT 2600,/ttsvr/n/prr-webdesign-2?propertyId=1158551
11 Bentham Street Yarralumla ACT 2600,/ttsvr/n/prr-webdesign-2?propertyId=1158558
3L/18 Bentham Street Yarralumla ACT 2600,/ttsvr/n/prr-webdesign-2?propertyId=14256295
3A/29 Bentham Street Yarralumla ACT 2600,/ttsvr/n/prr-webdesign-2?propertyId=14331140
5/43B Bentham Street Yarralumla ACT 2600,/ttsvr/n/prr-webdesign-2?propertyId=1158627
43B Bentham Street Yarralumla ACT 2600,/ttsvr/n/prr-webdesign-2?propertyId=1158629
9 Cambage Street Yarralumla ACT 2600,/ttsvr/n/prr-webdesign-2?propertyId=1158727
9A Cambage Street Yarralumla ACT 2600,/ttsvr/n/prr-webdesign-2?propertyId=14256353
1/9B Cambage Street Yarralumla ACT 2600,/ttsvr/n/prr-webdesign-2?propertyId=1158728
2/1-7 Bougainville Street Griffith ACT 2603,/ttsvr/n/prr-webdesign-2?propertyId=15873048
18 Packsaddle Road Marlow Lagoon NT 0830,/ttsvr/n/prr-webdesign-2?propertyId=1227319
6 Flockhart Drive Marlow Lagoon NT 0830,/ttsvr/n/prr-webdesign-2?propertyId=1227187
18 Campfire Court Marlow Lagoon NT 0830,/ttsvr/n/prr-webdesign-2?propertyId=1227168
3/12A A'beckett Street Prahran VIC 3181,/ttsvr/n/prr-webdesign-2?propertyId=17389302
5/19 & 21 Leach Highway Wilson WA 6107,/ttsvr/n/prr-webdesign-2?propertyId=17342841
19 & 21 Leach Highway Wilson WA 6107,/ttsvr/n/prr-webdesign-2?propertyId=17385541
1/88 Kirkland Avenue Coorparoo QLD 4151,/ttsvr/n/prr-webdesign-2?propertyId=4112339
1 O'Brien Street Charlestown NSW 2290,/ttsvr/n/prr-webdesign-2?propertyId=1818903
2 Anembo Street O'Sullivan Beach SA 5166,/ttsvr/n/prr-webdesign-2?propertyId=10213764
10 Anembo Street O'Sullivan Beach SA 5166,/ttsvr/n/prr-webdesign-2?propertyId=15819235
6A D'Estrees Bay Road D'Estrees Bay SA 5223,/ttsvr/n/prr-webdesign-2?propertyId=17224980
78 Eighth Avenue Joslin SA 5070,/ttsvr/n/prr-webdesign-2?propertyId=9847717
1/88 Eighth Avenue Joslin SA 5070,/ttsvr/n/prr-webdesign-2?propertyId=9847730
4/88 Eighth Avenue Joslin SA 5070,/ttsvr/n/prr-webdesign-2?propertyId=9847737
2/88 Eighth Avenue Joslin SA 5070,/ttsvr/n/prr-webdesign-2?propertyId=9847732
3/88 Eighth Avenue Joslin SA 5070,/ttsvr/n/prr-webdesign-2?propertyId=9847734
2 Acacia Grove East Devonport TAS 7310,/ttsvr/n/prr-webdesign-2?propertyId=13950330
62 Bel-Air Crescent East Devonport TAS 7310,/ttsvr/n/prr-webdesign-2?propertyId=13950385
2/3 Bovill Street East Devonport TAS 7310,/ttsvr/n/prr-webdesign-2?propertyId=15861624
3/14 Brooke Street East Devonport TAS 7310,/ttsvr/n/prr-webdesign-2?propertyId=13950479
102-108 Brooke Street East Devonport TAS 7310,/ttsvr/n/prr-webdesign-2?propertyId=13950544
102/108-110 Brooke Street East Devonport TAS 7310,/ttsvr/n/prr-webdesign-2?propertyId=13950545
126 Brooke Street East Devonport TAS 7310,/ttsvr/n/prr-webdesign-2?propertyId=13950458
2/12 Aldinga Street Blackmans Bay TAS 7052,/ttsvr/n/prr-webdesign-2?propertyId=13909404
1/43 Woodlands Drive Blackmans Bay TAS 7052,/ttsvr/n/prr-webdesign-2?propertyId=17118195
3 Amethyst Place Perth TAS 7300,/ttsvr/n/prr-webdesign-2?propertyId=14062396
2/11 Arthur Street Perth TAS 7300,/ttsvr/n/prr-webdesign-2?propertyId=14062416
18/15 Adamson Avenue Gillen NT 0870,/ttsvr/n/prr-webdesign-2?propertyId=1200390
28/15 Adamson Avenue Gillen NT 0870,/ttsvr/n/prr-webdesign-2?propertyId=1200345
51 Van Senden Avenue Gillen NT 0870,/ttsvr/n/prr-webdesign-2?propertyId=1179537
3368/21 Wilkinson Street Parap NT 0820,/ttsvr/n/prr-webdesign-2?propertyId=1238416
3FL/19 Wilkinson Street Parap NT 0820,/ttsvr/n/prr-webdesign-2?propertyId=14162822
17 Weddell Street Parap NT 0820,/ttsvr/n/prr-webdesign-2?propertyId=1238528
2A/25 Stokes Street Parap NT 0820,/ttsvr/n/prr-webdesign-2?propertyId=14162806
2C/25 Stokes Street Parap NT 0820,/ttsvr/n/prr-webdesign-2?propertyId=14162808
15126 Midland Highway Perth TAS 7300,/ttsvr/n/prr-webdesign-2?propertyId=14063202
65/65-81 Fairtlough Street Perth TAS 7300,/ttsvr/n/prr-webdesign-2?propertyId=14062791
1/4 Fore Street Perth TAS 7300,/ttsvr/n/prr-webdesign-2?propertyId=14062836
LOT86 Main South Road O'Halloran Hill SA 5158,/ttsvr/n/prr-webdesign-2?propertyId=16043123
32 Education Road Happy Valley SA 5159,/ttsvr/n/prr-webdesign-2?propertyId=9747506
11 Allworth Drive Happy Valley SA 5159,/ttsvr/n/prr-webdesign-2?propertyId=9744397
361/12 Salonika Street Parap NT 0820,/ttsvr/n/prr-webdesign-2?propertyId=16958882
6 D'Ambrosio Court Parap NT 0820,/ttsvr/n/prr-webdesign-2?propertyId=15487033
LOT11790 Narra Tarra-Moonyoonooka Road Moonyoonooka WA 6532,/ttsvr/n/prr-webdesign-2?propertyId=16359007
207 Narra Tarra-Moonyoonooka Road Moonyoonooka WA 6532,/ttsvr/n/prr-webdesign-2?propertyId=9585178
135 Fishermans Pocket Number One Road Chatsworth QLD 4570,/ttsvr/n/prr-webdesign-2?propertyId=3850959
181 Fishermans Pocket Number One Road Chatsworth QLD 4570,/ttsvr/n/prr-webdesign-2?propertyId=3850962
6/10-12 Bath Street Alice Springs NT 0870,/ttsvr/n/prr-webdesign-2?propertyId=14157038
7/10-12 Bath Street Alice Springs NT 0870,/ttsvr/n/prr-webdesign-2?propertyId=14157039
1040 Ilparpa Road White Gums NT 0870,/ttsvr/n/prr-webdesign-2?propertyId=1172237
56 Maxwell Street South Turramurra NSW 2074,/ttsvr/n/prr-webdesign-2?propertyId=7003499
32/7-15 Monte Carlo Avenue Surfers Paradise QLD 4217,/ttsvr/n/prr-webdesign-2?propertyId=7702927
500/317 Castlereagh Street Haymarket NSW 2000,/ttsvr/n/prr-webdesign-2?propertyId=16834533
"135 Fishermans Pocket Number One Road Chatsworth, QLD, 4570",/ttsvr/n/prr-webdesign-2?propertyId=3850959