user_email_address,inspection_type,rpid,address,inspection_date,status,resale_model,price,supplier_id,supplier_name,supplier_email_address,inspector_name,phone_number,created_date
1000tey@tooltwist.com,Building,3987324,56 Maxweld Street Ardeer VIC 3022,2016-06-30 09:08:09,Active,Flat Fee,165,7,Khaye Pineda Supplier 3,newSupplierforReport_katherinepineda@tooltwist.com,Cristopher Canceran,1234567890,2016-06-30 09:08:09
1001tey@tooltwist.com,Building,3987325,57 Maxweld Street Ardeer VIC 3022,2016-06-30 09:08:10,Active,Flat Fee,166,8,Khaye Pineda Supplier 4,newSupplierforReport_katherinepineda@tooltwist.com,Cristopher Canceran,1234567891,2016-06-30 09:08:10
1002tey@tooltwist.com,Building,3987326,58 Maxweld Street Ardeer VIC 3022,2016-06-30 09:08:11,Active,Flat Fee,167,9,Khaye Pineda Supplier 5,newSupplierforReport_katherinepineda@tooltwist.com,Cristopher Canceran,1234567892,2016-06-30 09:08:11
1003tey@tooltwist.com,Building,3987327,59 Maxweld Street Ardeer VIC 3022,2016-06-30 09:08:12,Active,Flat Fee,168,10,Khaye Pineda Supplier 6,newSupplierforReport_katherinepineda@tooltwist.com,Cristopher Canceran,1234567893,2016-06-30 09:08:12
1004tey@tooltwist.com,Building,3987328,60 Maxweld Street Ardeer VIC 3022,2016-06-30 09:08:13,Active,Flat Fee,169,11,Khaye Pineda Supplier 7,newSupplierforReport_katherinepineda@tooltwist.com,Cristopher Canceran,1234567894,2016-06-30 09:08:13
1005tey@tooltwist.com,Building,3987329,61 Maxweld Street Ardeer VIC 3022,2016-06-30 09:08:14,Active,Flat Fee,170,12,Khaye Pineda Supplier 8,newSupplierforReport_katherinepineda@tooltwist.com,Cristopher Canceran,1234567895,2016-06-30 09:08:14
1006tey@tooltwist.com,Building,3987330,62 Maxweld Street Ardeer VIC 3022,2016-06-30 09:08:15,Active,Flat Fee,171,13,Khaye Pineda Supplier 9,newSupplierforReport_katherinepineda@tooltwist.com,Cristopher Canceran,1234567896,2016-06-30 09:08:15
1007tey@tooltwist.com,Building,3987331,63 Maxweld Street Ardeer VIC 3022,2016-06-30 09:08:16,Active,Flat Fee,172,14,Khaye Pineda Supplier 10,newSupplierforReport_katherinepineda@tooltwist.com,Cristopher Canceran,1234567897,2016-06-30 09:08:16
1008tey@tooltwist.com,Building,3987332,64 Maxweld Street Ardeer VIC 3022,2016-06-30 09:08:17,Active,Flat Fee,173,15,Khaye Pineda Supplier 11,newSupplierforReport_katherinepineda@tooltwist.com,Cristopher Canceran,1234567898,2016-06-30 09:08:17
1009tey@tooltwist.com,Building,3987333,65 Maxweld Street Ardeer VIC 3022,2016-06-30 09:08:18,Active,Flat Fee,174,16,Khaye Pineda Supplier 12,newSupplierforReport_katherinepineda@tooltwist.com,Cristopher Canceran,1234567899,2016-06-30 09:08:18
1010tey@tooltwist.com,Building,3987334,66 Maxweld Street Ardeer VIC 3022,2016-06-30 09:08:19,Active,Flat Fee,175,17,Khaye Pineda Supplier 13,newSupplierforReport_katherinepineda@tooltwist.com,Cristopher Canceran,1234567900,2016-06-30 09:08:19
1011tey@tooltwist.com,Building,3987335,67 Maxweld Street Ardeer VIC 3022,2016-06-30 09:08:20,Active,Flat Fee,176,18,Khaye Pineda Supplier 14,newSupplierforReport_katherinepineda@tooltwist.com,Cristopher Canceran,1234567901,2016-06-30 09:08:20
1012tey@tooltwist.com,Building,3987336,68 Maxweld Street Ardeer VIC 3022,2016-06-30 09:08:21,Active,Flat Fee,177,19,Khaye Pineda Supplier 15,newSupplierforReport_katherinepineda@tooltwist.com,Cristopher Canceran,1234567902,2016-06-30 09:08:21
1013tey@tooltwist.com,Building,3987337,69 Maxweld Street Ardeer VIC 3022,2016-06-30 09:08:22,Active,Flat Fee,178,20,Khaye Pineda Supplier 16,newSupplierforReport_katherinepineda@tooltwist.com,Cristopher Canceran,1234567903,2016-06-30 09:08:22
1014tey@tooltwist.com,Building,3987338,70 Maxweld Street Ardeer VIC 3022,2016-06-30 09:08:23,Active,Flat Fee,179,21,Khaye Pineda Supplier 17,newSupplierforReport_katherinepineda@tooltwist.com,Cristopher Canceran,1234567904,2016-06-30 09:08:23
1015tey@tooltwist.com,Building,3987339,71 Maxweld Street Ardeer VIC 3022,2016-06-30 09:08:24,Active,Flat Fee,180,22,Khaye Pineda Supplier 18,newSupplierforReport_katherinepineda@tooltwist.com,Cristopher Canceran,1234567905,2016-06-30 09:08:24
1016tey@tooltwist.com,Building,3987340,72 Maxweld Street Ardeer VIC 3022,2016-06-30 09:08:25,Active,Flat Fee,181,23,Khaye Pineda Supplier 19,newSupplierforReport_katherinepineda@tooltwist.com,Cristopher Canceran,1234567906,2016-06-30 09:08:25
1017tey@tooltwist.com,Building,3987341,73 Maxweld Street Ardeer VIC 3022,2016-06-30 09:08:26,Active,Flat Fee,182,24,Khaye Pineda Supplier 20,newSupplierforReport_katherinepineda@tooltwist.com,Cristopher Canceran,1234567907,2016-06-30 09:08:26
1018tey@tooltwist.com,Building,3987342,74 Maxweld Street Ardeer VIC 3022,2016-06-30 09:08:27,Active,Flat Fee,183,25,Khaye Pineda Supplier 21,newSupplierforReport_katherinepineda@tooltwist.com,Cristopher Canceran,1234567908,2016-06-30 09:08:27
1019tey@tooltwist.com,Building,3987343,75 Maxweld Street Ardeer VIC 3022,2016-06-30 09:08:28,Active,Flat Fee,184,26,Khaye Pineda Supplier 22,newSupplierforReport_katherinepineda@tooltwist.com,Cristopher Canceran,1234567909,2016-06-30 09:08:28
1020tey@tooltwist.com,Building,3987344,76 Maxweld Street Ardeer VIC 3022,2016-06-30 09:08:29,Active,Flat Fee,185,27,Khaye Pineda Supplier 23,newSupplierforReport_katherinepineda@tooltwist.com,Cristopher Canceran,1234567910,2016-06-30 09:08:29
1021tey@tooltwist.com,Building,3987345,77 Maxweld Street Ardeer VIC 3022,2016-06-30 09:08:30,Active,Flat Fee,186,28,Khaye Pineda Supplier 24,newSupplierforReport_katherinepineda@tooltwist.com,Cristopher Canceran,1234567911,2016-06-30 09:08:30
1022tey@tooltwist.com,Building,3987346,78 Maxweld Street Ardeer VIC 3022,2016-06-30 09:08:31,Active,Flat Fee,187,29,Khaye Pineda Supplier 25,newSupplierforReport_katherinepineda@tooltwist.com,Cristopher Canceran,1234567912,2016-06-30 09:08:31
1023tey@tooltwist.com,Building,3987347,79 Maxweld Street Ardeer VIC 3022,2016-06-30 09:08:32,Active,Flat Fee,188,30,Khaye Pineda Supplier 26,newSupplierforReport_katherinepineda@tooltwist.com,Cristopher Canceran,1234567913,2016-06-30 09:08:32
1024tey@tooltwist.com,Building,3987348,80 Maxweld Street Ardeer VIC 3022,2016-06-30 09:08:33,Active,Flat Fee,189,31,Khaye Pineda Supplier 27,newSupplierforReport_katherinepineda@tooltwist.com,Cristopher Canceran,1234567914,2016-06-30 09:08:33
1025tey@tooltwist.com,Building,3987349,81 Maxweld Street Ardeer VIC 3022,2016-06-30 09:08:34,Active,Flat Fee,190,32,Khaye Pineda Supplier 28,newSupplierforReport_katherinepineda@tooltwist.com,Cristopher Canceran,1234567915,2016-06-30 09:08:34
1026tey@tooltwist.com,Building,3987350,82 Maxweld Street Ardeer VIC 3022,2016-06-30 09:08:35,Active,Flat Fee,191,33,Khaye Pineda Supplier 29,newSupplierforReport_katherinepineda@tooltwist.com,Cristopher Canceran,1234567916,2016-06-30 09:08:35
1027tey@tooltwist.com,Building,3987351,83 Maxweld Street Ardeer VIC 3022,2016-06-30 09:08:36,Active,Flat Fee,192,34,Khaye Pineda Supplier 30,newSupplierforReport_katherinepineda@tooltwist.com,Cristopher Canceran,1234567917,2016-06-30 09:08:36
1028tey@tooltwist.com,Building,3987352,84 Maxweld Street Ardeer VIC 3022,2016-06-30 09:08:37,Active,Flat Fee,193,35,Khaye Pineda Supplier 31,newSupplierforReport_katherinepineda@tooltwist.com,Cristopher Canceran,1234567918,2016-06-30 09:08:37
1029tey@tooltwist.com,Building,3987353,85 Maxweld Street Ardeer VIC 3022,2016-06-30 09:08:38,Active,Flat Fee,194,36,Khaye Pineda Supplier 32,newSupplierforReport_katherinepineda@tooltwist.com,Cristopher Canceran,1234567919,2016-06-30 09:08:38
1030tey@tooltwist.com,Building,3987354,86 Maxweld Street Ardeer VIC 3022,2016-06-30 09:08:39,Active,Flat Fee,195,37,Khaye Pineda Supplier 33,newSupplierforReport_katherinepineda@tooltwist.com,Cristopher Canceran,1234567920,2016-06-30 09:08:39
1031tey@tooltwist.com,Building,3987355,87 Maxweld Street Ardeer VIC 3022,2016-06-30 09:08:40,Active,Flat Fee,196,38,Khaye Pineda Supplier 34,newSupplierforReport_katherinepineda@tooltwist.com,Cristopher Canceran,1234567921,2016-06-30 09:08:40
1032tey@tooltwist.com,Building,3987356,88 Maxweld Street Ardeer VIC 3022,2016-06-30 09:08:41,Active,Flat Fee,197,39,Khaye Pineda Supplier 35,newSupplierforReport_katherinepineda@tooltwist.com,Cristopher Canceran,1234567922,2016-06-30 09:08:41
1033tey@tooltwist.com,Building,3987357,89 Maxweld Street Ardeer VIC 3022,2016-06-30 09:08:42,Active,Flat Fee,198,40,Khaye Pineda Supplier 36,newSupplierforReport_katherinepineda@tooltwist.com,Cristopher Canceran,1234567923,2016-06-30 09:08:42
1034tey@tooltwist.com,Building,3987358,90 Maxweld Street Ardeer VIC 3022,2016-06-30 09:08:43,Active,Flat Fee,199,41,Khaye Pineda Supplier 37,newSupplierforReport_katherinepineda@tooltwist.com,Cristopher Canceran,1234567924,2016-06-30 09:08:43
1035tey@tooltwist.com,Building,3987359,91 Maxweld Street Ardeer VIC 3022,2016-06-30 09:08:44,Active,Flat Fee,200,42,Khaye Pineda Supplier 38,newSupplierforReport_katherinepineda@tooltwist.com,Cristopher Canceran,1234567925,2016-06-30 09:08:44
1036tey@tooltwist.com,Building,3987360,92 Maxweld Street Ardeer VIC 3022,2016-06-30 09:08:45,Active,Flat Fee,201,43,Khaye Pineda Supplier 39,newSupplierforReport_katherinepineda@tooltwist.com,Cristopher Canceran,1234567926,2016-06-30 09:08:45
1037tey@tooltwist.com,Building,3987361,93 Maxweld Street Ardeer VIC 3022,2016-06-30 09:08:46,Active,Flat Fee,202,44,Khaye Pineda Supplier 40,newSupplierforReport_katherinepineda@tooltwist.com,Cristopher Canceran,1234567927,2016-06-30 09:08:46
1038tey@tooltwist.com,Building,3987362,94 Maxweld Street Ardeer VIC 3022,2016-06-30 09:08:47,Active,Flat Fee,203,45,Khaye Pineda Supplier 41,newSupplierforReport_katherinepineda@tooltwist.com,Cristopher Canceran,1234567928,2016-06-30 09:08:47
1039tey@tooltwist.com,Building,3987363,95 Maxweld Street Ardeer VIC 3022,2016-06-30 09:08:48,Active,Flat Fee,204,46,Khaye Pineda Supplier 42,newSupplierforReport_katherinepineda@tooltwist.com,Cristopher Canceran,1234567929,2016-06-30 09:08:48
1040tey@tooltwist.com,Building,3987364,96 Maxweld Street Ardeer VIC 3022,2016-06-30 09:08:49,Active,Flat Fee,205,47,Khaye Pineda Supplier 43,newSupplierforReport_katherinepineda@tooltwist.com,Cristopher Canceran,1234567930,2016-06-30 09:08:49
1041tey@tooltwist.com,Building,3987365,97 Maxweld Street Ardeer VIC 3022,2016-06-30 09:08:50,Active,Flat Fee,206,48,Khaye Pineda Supplier 44,newSupplierforReport_katherinepineda@tooltwist.com,Cristopher Canceran,1234567931,2016-06-30 09:08:50
1042tey@tooltwist.com,Building,3987366,98 Maxweld Street Ardeer VIC 3022,2016-06-30 09:08:51,Active,Flat Fee,207,49,Khaye Pineda Supplier 45,newSupplierforReport_katherinepineda@tooltwist.com,Cristopher Canceran,1234567932,2016-06-30 09:08:51
1043tey@tooltwist.com,Building,3987367,99 Maxweld Street Ardeer VIC 3022,2016-06-30 09:08:52,Active,Flat Fee,208,50,Khaye Pineda Supplier 46,newSupplierforReport_katherinepineda@tooltwist.com,Cristopher Canceran,1234567933,2016-06-30 09:08:52
1044tey@tooltwist.com,Building,3987368,100 Maxweld Street Ardeer VIC 3022,2016-06-30 09:08:53,Active,Flat Fee,209,51,Khaye Pineda Supplier 47,newSupplierforReport_katherinepineda@tooltwist.com,Cristopher Canceran,1234567934,2016-06-30 09:08:53
1045tey@tooltwist.com,Building,3987369,101 Maxweld Street Ardeer VIC 3022,2016-06-30 09:08:54,Active,Flat Fee,210,52,Khaye Pineda Supplier 48,newSupplierforReport_katherinepineda@tooltwist.com,Cristopher Canceran,1234567935,2016-06-30 09:08:54
1046tey@tooltwist.com,Building,3987370,102 Maxweld Street Ardeer VIC 3022,2016-06-30 09:08:55,Active,Flat Fee,211,53,Khaye Pineda Supplier 49,newSupplierforReport_katherinepineda@tooltwist.com,Cristopher Canceran,1234567936,2016-06-30 09:08:55
1047tey@tooltwist.com,Building,3987371,103 Maxweld Street Ardeer VIC 3022,2016-06-30 09:08:56,Active,Flat Fee,212,54,Khaye Pineda Supplier 50,newSupplierforReport_katherinepineda@tooltwist.com,Cristopher Canceran,1234567937,2016-06-30 09:08:56
1048tey@tooltwist.com,Building,3987372,104 Maxweld Street Ardeer VIC 3022,2016-06-30 09:08:57,Active,Flat Fee,213,55,Khaye Pineda Supplier 51,newSupplierforReport_katherinepineda@tooltwist.com,Cristopher Canceran,1234567938,2016-06-30 09:08:57
1049tey@tooltwist.com,Building,3987373,105 Maxweld Street Ardeer VIC 3022,2016-06-30 09:08:58,Active,Flat Fee,214,56,Khaye Pineda Supplier 52,newSupplierforReport_katherinepineda@tooltwist.com,Cristopher Canceran,1234567939,2016-06-30 09:08:58
1050tey@tooltwist.com,Building,3987374,106 Maxweld Street Ardeer VIC 3022,2016-06-30 09:08:59,Active,Flat Fee,215,57,Khaye Pineda Supplier 53,newSupplierforReport_katherinepineda@tooltwist.com,Cristopher Canceran,1234567940,2016-06-30 09:08:59
1051tey@tooltwist.com,Building,3987375,107 Maxweld Street Ardeer VIC 3022,2016-06-30 09:08:60,Active,Flat Fee,216,58,Khaye Pineda Supplier 54,newSupplierforReport_katherinepineda@tooltwist.com,Cristopher Canceran,1234567941,2016-06-30 09:08:60
1052tey@tooltwist.com,Building,3987376,108 Maxweld Street Ardeer VIC 3022,2016-06-30 09:08:61,Active,Flat Fee,217,59,Khaye Pineda Supplier 55,newSupplierforReport_katherinepineda@tooltwist.com,Cristopher Canceran,1234567942,2016-06-30 09:08:61
1053tey@tooltwist.com,Building,3987377,109 Maxweld Street Ardeer VIC 3022,2016-06-30 09:08:62,Active,Flat Fee,218,60,Khaye Pineda Supplier 56,newSupplierforReport_katherinepineda@tooltwist.com,Cristopher Canceran,1234567943,2016-06-30 09:08:62
1054tey@tooltwist.com,Building,3987378,110 Maxweld Street Ardeer VIC 3022,2016-06-30 09:08:63,Active,Flat Fee,219,61,Khaye Pineda Supplier 57,newSupplierforReport_katherinepineda@tooltwist.com,Cristopher Canceran,1234567944,2016-06-30 09:08:63
1055tey@tooltwist.com,Building,3987379,111 Maxweld Street Ardeer VIC 3022,2016-06-30 09:08:64,Active,Flat Fee,220,62,Khaye Pineda Supplier 58,newSupplierforReport_katherinepineda@tooltwist.com,Cristopher Canceran,1234567945,2016-06-30 09:08:64
1056tey@tooltwist.com,Building,3987380,112 Maxweld Street Ardeer VIC 3022,2016-06-30 09:08:65,Active,Flat Fee,221,63,Khaye Pineda Supplier 59,newSupplierforReport_katherinepineda@tooltwist.com,Cristopher Canceran,1234567946,2016-06-30 09:08:65
1057tey@tooltwist.com,Building,3987381,113 Maxweld Street Ardeer VIC 3022,2016-06-30 09:08:66,Active,Flat Fee,222,64,Khaye Pineda Supplier 60,newSupplierforReport_katherinepineda@tooltwist.com,Cristopher Canceran,1234567947,2016-06-30 09:08:66
1058tey@tooltwist.com,Building,3987382,114 Maxweld Street Ardeer VIC 3022,2016-06-30 09:08:67,Active,Flat Fee,223,65,Khaye Pineda Supplier 61,newSupplierforReport_katherinepineda@tooltwist.com,Cristopher Canceran,1234567948,2016-06-30 09:08:67
1059tey@tooltwist.com,Building,3987383,115 Maxweld Street Ardeer VIC 3022,2016-06-30 09:08:68,Active,Flat Fee,224,66,Khaye Pineda Supplier 62,newSupplierforReport_katherinepineda@tooltwist.com,Cristopher Canceran,1234567949,2016-06-30 09:08:68
1060tey@tooltwist.com,Building,3987384,116 Maxweld Street Ardeer VIC 3022,2016-06-30 09:08:69,Active,Flat Fee,225,67,Khaye Pineda Supplier 63,newSupplierforReport_katherinepineda@tooltwist.com,Cristopher Canceran,1234567950,2016-06-30 09:08:69
1061tey@tooltwist.com,Building,3987385,117 Maxweld Street Ardeer VIC 3022,2016-06-30 09:08:70,Active,Flat Fee,226,68,Khaye Pineda Supplier 64,newSupplierforReport_katherinepineda@tooltwist.com,Cristopher Canceran,1234567951,2016-06-30 09:08:70
1062tey@tooltwist.com,Building,3987386,118 Maxweld Street Ardeer VIC 3022,2016-06-30 09:08:71,Active,Flat Fee,227,69,Khaye Pineda Supplier 65,newSupplierforReport_katherinepineda@tooltwist.com,Cristopher Canceran,1234567952,2016-06-30 09:08:71
1063tey@tooltwist.com,Building,3987387,119 Maxweld Street Ardeer VIC 3022,2016-06-30 09:08:72,Active,Flat Fee,228,70,Khaye Pineda Supplier 66,newSupplierforReport_katherinepineda@tooltwist.com,Cristopher Canceran,1234567953,2016-06-30 09:08:72
1064tey@tooltwist.com,Building,3987388,120 Maxweld Street Ardeer VIC 3022,2016-06-30 09:08:73,Active,Flat Fee,229,71,Khaye Pineda Supplier 67,newSupplierforReport_katherinepineda@tooltwist.com,Cristopher Canceran,1234567954,2016-06-30 09:08:73
1065tey@tooltwist.com,Building,3987389,121 Maxweld Street Ardeer VIC 3022,2016-06-30 09:08:74,Active,Flat Fee,230,72,Khaye Pineda Supplier 68,newSupplierforReport_katherinepineda@tooltwist.com,Cristopher Canceran,1234567955,2016-06-30 09:08:74
1066tey@tooltwist.com,Building,3987390,122 Maxweld Street Ardeer VIC 3022,2016-06-30 09:08:75,Active,Flat Fee,231,73,Khaye Pineda Supplier 69,newSupplierforReport_katherinepineda@tooltwist.com,Cristopher Canceran,1234567956,2016-06-30 09:08:75
1067tey@tooltwist.com,Building,3987391,123 Maxweld Street Ardeer VIC 3022,2016-06-30 09:08:76,Active,Flat Fee,232,74,Khaye Pineda Supplier 70,newSupplierforReport_katherinepineda@tooltwist.com,Cristopher Canceran,1234567957,2016-06-30 09:08:76
1068tey@tooltwist.com,Building,3987392,124 Maxweld Street Ardeer VIC 3022,2016-06-30 09:08:77,Active,Flat Fee,233,75,Khaye Pineda Supplier 71,newSupplierforReport_katherinepineda@tooltwist.com,Cristopher Canceran,1234567958,2016-06-30 09:08:77
1069tey@tooltwist.com,Building,3987393,125 Maxweld Street Ardeer VIC 3022,2016-06-30 09:08:78,Active,Flat Fee,234,76,Khaye Pineda Supplier 72,newSupplierforReport_katherinepineda@tooltwist.com,Cristopher Canceran,1234567959,2016-06-30 09:08:78
1070tey@tooltwist.com,Building,3987394,126 Maxweld Street Ardeer VIC 3022,2016-06-30 09:08:79,Active,Flat Fee,235,77,Khaye Pineda Supplier 73,newSupplierforReport_katherinepineda@tooltwist.com,Cristopher Canceran,1234567960,2016-06-30 09:08:79
1071tey@tooltwist.com,Building,3987395,127 Maxweld Street Ardeer VIC 3022,2016-06-30 09:08:80,Active,Flat Fee,236,78,Khaye Pineda Supplier 74,newSupplierforReport_katherinepineda@tooltwist.com,Cristopher Canceran,1234567961,2016-06-30 09:08:80
1072tey@tooltwist.com,Building,3987396,128 Maxweld Street Ardeer VIC 3022,2016-06-30 09:08:81,Active,Flat Fee,237,79,Khaye Pineda Supplier 75,newSupplierforReport_katherinepineda@tooltwist.com,Cristopher Canceran,1234567962,2016-06-30 09:08:81
1073tey@tooltwist.com,Building,3987397,129 Maxweld Street Ardeer VIC 3022,2016-06-30 09:08:82,Active,Flat Fee,238,80,Khaye Pineda Supplier 76,newSupplierforReport_katherinepineda@tooltwist.com,Cristopher Canceran,1234567963,2016-06-30 09:08:82
1074tey@tooltwist.com,Building,3987398,130 Maxweld Street Ardeer VIC 3022,2016-06-30 09:08:83,Active,Flat Fee,239,81,Khaye Pineda Supplier 77,newSupplierforReport_katherinepineda@tooltwist.com,Cristopher Canceran,1234567964,2016-06-30 09:08:83
1075tey@tooltwist.com,Building,3987399,131 Maxweld Street Ardeer VIC 3022,2016-06-30 09:08:84,Active,Flat Fee,240,82,Khaye Pineda Supplier 78,newSupplierforReport_katherinepineda@tooltwist.com,Cristopher Canceran,1234567965,2016-06-30 09:08:84
1076tey@tooltwist.com,Building,3987400,132 Maxweld Street Ardeer VIC 3022,2016-06-30 09:08:85,Active,Flat Fee,241,83,Khaye Pineda Supplier 79,newSupplierforReport_katherinepineda@tooltwist.com,Cristopher Canceran,1234567966,2016-06-30 09:08:85
1077tey@tooltwist.com,Building,3987401,133 Maxweld Street Ardeer VIC 3022,2016-06-30 09:08:86,Active,Flat Fee,242,84,Khaye Pineda Supplier 80,newSupplierforReport_katherinepineda@tooltwist.com,Cristopher Canceran,1234567967,2016-06-30 09:08:86
1078tey@tooltwist.com,Building,3987402,134 Maxweld Street Ardeer VIC 3022,2016-06-30 09:08:87,Active,Flat Fee,243,85,Khaye Pineda Supplier 81,newSupplierforReport_katherinepineda@tooltwist.com,Cristopher Canceran,1234567968,2016-06-30 09:08:87
1079tey@tooltwist.com,Building,3987403,135 Maxweld Street Ardeer VIC 3022,2016-06-30 09:08:88,Active,Flat Fee,244,86,Khaye Pineda Supplier 82,newSupplierforReport_katherinepineda@tooltwist.com,Cristopher Canceran,1234567969,2016-06-30 09:08:88
1080tey@tooltwist.com,Building,3987404,136 Maxweld Street Ardeer VIC 3022,2016-06-30 09:08:89,Active,Flat Fee,245,87,Khaye Pineda Supplier 83,newSupplierforReport_katherinepineda@tooltwist.com,Cristopher Canceran,1234567970,2016-06-30 09:08:89
1081tey@tooltwist.com,Building,3987405,137 Maxweld Street Ardeer VIC 3022,2016-06-30 09:08:90,Active,Flat Fee,246,88,Khaye Pineda Supplier 84,newSupplierforReport_katherinepineda@tooltwist.com,Cristopher Canceran,1234567971,2016-06-30 09:08:90
1082tey@tooltwist.com,Building,3987406,138 Maxweld Street Ardeer VIC 3022,2016-06-30 09:08:91,Active,Flat Fee,247,89,Khaye Pineda Supplier 85,newSupplierforReport_katherinepineda@tooltwist.com,Cristopher Canceran,1234567972,2016-06-30 09:08:91
1083tey@tooltwist.com,Building,3987407,139 Maxweld Street Ardeer VIC 3022,2016-06-30 09:08:92,Active,Flat Fee,248,90,Khaye Pineda Supplier 86,newSupplierforReport_katherinepineda@tooltwist.com,Cristopher Canceran,1234567973,2016-06-30 09:08:92
1084tey@tooltwist.com,Building,3987408,140 Maxweld Street Ardeer VIC 3022,2016-06-30 09:08:93,Active,Flat Fee,249,91,Khaye Pineda Supplier 87,newSupplierforReport_katherinepineda@tooltwist.com,Cristopher Canceran,1234567974,2016-06-30 09:08:93
1085tey@tooltwist.com,Building,3987409,141 Maxweld Street Ardeer VIC 3022,2016-06-30 09:08:94,Active,Flat Fee,250,92,Khaye Pineda Supplier 88,newSupplierforReport_katherinepineda@tooltwist.com,Cristopher Canceran,1234567975,2016-06-30 09:08:94
1086tey@tooltwist.com,Building,3987410,142 Maxweld Street Ardeer VIC 3022,2016-06-30 09:08:95,Active,Flat Fee,251,93,Khaye Pineda Supplier 89,newSupplierforReport_katherinepineda@tooltwist.com,Cristopher Canceran,1234567976,2016-06-30 09:08:95
1087tey@tooltwist.com,Building,3987411,143 Maxweld Street Ardeer VIC 3022,2016-06-30 09:08:96,Active,Flat Fee,252,94,Khaye Pineda Supplier 90,newSupplierforReport_katherinepineda@tooltwist.com,Cristopher Canceran,1234567977,2016-06-30 09:08:96
1088tey@tooltwist.com,Building,3987412,144 Maxweld Street Ardeer VIC 3022,2016-06-30 09:08:97,Active,Flat Fee,253,95,Khaye Pineda Supplier 91,newSupplierforReport_katherinepineda@tooltwist.com,Cristopher Canceran,1234567978,2016-06-30 09:08:97
1089tey@tooltwist.com,Building,3987413,145 Maxweld Street Ardeer VIC 3022,2016-06-30 09:08:98,Active,Flat Fee,254,96,Khaye Pineda Supplier 92,newSupplierforReport_katherinepineda@tooltwist.com,Cristopher Canceran,1234567979,2016-06-30 09:08:98
1090tey@tooltwist.com,Building,3987414,146 Maxweld Street Ardeer VIC 3022,2016-06-30 09:08:99,Active,Flat Fee,255,97,Khaye Pineda Supplier 93,newSupplierforReport_katherinepineda@tooltwist.com,Cristopher Canceran,1234567980,2016-06-30 09:08:99
1091tey@tooltwist.com,Building,3987415,147 Maxweld Street Ardeer VIC 3022,2016-06-30 09:08:100,Active,Flat Fee,256,98,Khaye Pineda Supplier 94,newSupplierforReport_katherinepineda@tooltwist.com,Cristopher Canceran,1234567981,2016-06-30 09:08:100
1092tey@tooltwist.com,Building,3987416,148 Maxweld Street Ardeer VIC 3022,2016-06-30 09:08:101,Active,Flat Fee,257,99,Khaye Pineda Supplier 95,newSupplierforReport_katherinepineda@tooltwist.com,Cristopher Canceran,1234567982,2016-06-30 09:08:101
1093tey@tooltwist.com,Building,3987417,149 Maxweld Street Ardeer VIC 3022,2016-06-30 09:08:102,Active,Flat Fee,258,100,Khaye Pineda Supplier 96,newSupplierforReport_katherinepineda@tooltwist.com,Cristopher Canceran,1234567983,2016-06-30 09:08:102
1094tey@tooltwist.com,Building,3987418,150 Maxweld Street Ardeer VIC 3022,2016-06-30 09:08:103,Active,Flat Fee,259,101,Khaye Pineda Supplier 97,newSupplierforReport_katherinepineda@tooltwist.com,Cristopher Canceran,1234567984,2016-06-30 09:08:103
1095tey@tooltwist.com,Building,3987419,151 Maxweld Street Ardeer VIC 3022,2016-06-30 09:08:104,Active,Flat Fee,260,102,Khaye Pineda Supplier 98,newSupplierforReport_katherinepineda@tooltwist.com,Cristopher Canceran,1234567985,2016-06-30 09:08:104
1096tey@tooltwist.com,Building,3987420,152 Maxweld Street Ardeer VIC 3022,2016-06-30 09:08:105,Active,Flat Fee,261,103,Khaye Pineda Supplier 99,newSupplierforReport_katherinepineda@tooltwist.com,Cristopher Canceran,1234567986,2016-06-30 09:08:105
1097tey@tooltwist.com,Building,3987421,153 Maxweld Street Ardeer VIC 3022,2016-06-30 09:08:106,Active,Flat Fee,262,104,Khaye Pineda Supplier 100,newSupplierforReport_katherinepineda@tooltwist.com,Cristopher Canceran,1234567987,2016-06-30 09:08:106
1098tey@tooltwist.com,Building,3987422,154 Maxweld Street Ardeer VIC 3022,2016-06-30 09:08:107,Active,Flat Fee,263,105,Khaye Pineda Supplier 101,newSupplierforReport_katherinepineda@tooltwist.com,Cristopher Canceran,1234567988,2016-06-30 09:08:107
1099tey@tooltwist.com,Building,3987423,155 Maxweld Street Ardeer VIC 3022,2016-06-30 09:08:108,Active,Flat Fee,264,106,Khaye Pineda Supplier 102,newSupplierforReport_katherinepineda@tooltwist.com,Cristopher Canceran,1234567989,2016-06-30 09:08:108
