email_address,bussiness_name
tr_testSupplier01@yopmail.com,Supplier01
tr_testSupplier02@yopmail.com,Supplier02
tr_testSupplier03@yopmail.com,Supplier03
tr_testSupplier04@yopmail.com,Supplier04
tr_testSupplier05@yopmail.com,Supplier05
tr_testSupplier06@yopmail.com,Supplier06
tr_testSupplier07@yopmail.com,Supplier07
tr_testSupplier08@yopmail.com,Supplier08
tr_testSupplier09@yopmail.com,Supplier09
tr_testSupplier10@yopmail.com,Supplier10
tr_testSupplier11@yopmail.com,Supplier11
tr_testSupplier12@yopmail.com,Supplier12
tr_testSupplier13@yopmail.com,Supplier13
tr_testSupplier14@yopmail.com,Supplier14
tr_testSupplier15@yopmail.com,Supplier15
tr_testSupplier16@yopmail.com,Supplier16
tr_testSupplier17@yopmail.com,Supplier17
tr_testSupplier18@yopmail.com,Supplier18
tr_testSupplier19@yopmail.com,Supplier19
tr_testSupplier20@yopmail.com,Supplier20
tr_testSupplier21@yopmail.com,Supplier21
tr_testSupplier22@yopmail.com,Supplier22
tr_testSupplier23@yopmail.com,Supplier23
tr_testSupplier24@yopmail.com,Supplier24
tr_testSupplier25@yopmail.com,Supplier25
tr_testSupplier26@yopmail.com,Supplier26
tr_testSupplier27@yopmail.com,Supplier27
tr_testSupplier28@yopmail.com,Supplier28
tr_testSupplier29@yopmail.com,Supplier29
tr_testSupplier30@yopmail.com,Supplier30
tr_testSupplier31@yopmail.com,Supplier31
tr_testSupplier32@yopmail.com,Supplier32
tr_testSupplier33@yopmail.com,Supplier33
tr_testSupplier34@yopmail.com,Supplier34
tr_testSupplier35@yopmail.com,Supplier35
tr_testSupplier36@yopmail.com,Supplier36
tr_testSupplier37@yopmail.com,Supplier37
tr_testSupplier38@yopmail.com,Supplier38
tr_testSupplier39@yopmail.com,Supplier39
tr_testSupplier40@yopmail.com,Supplier40
tr_testSupplier41@yopmail.com,Supplier41
tr_testSupplier42@yopmail.com,Supplier42
tr_testSupplier43@yopmail.com,Supplier43
tr_testSupplier44@yopmail.com,Supplier44
tr_testSupplier45@yopmail.com,Supplier45
tr_testSupplier46@yopmail.com,Supplier46
tr_testSupplier47@yopmail.com,Supplier47
tr_testSupplier48@yopmail.com,Supplier48
tr_testSupplier49@yopmail.com,Supplier49
tr_testSupplier50@yopmail.com,Supplier50
