email_address_raw,email_address,password,first_name,last_name_raw,last_name,phone_number,allow_marketing,user_type,source,test_number,new_first_name
tey@tooltwist.com,1000tey@tooltwist.com,123456,Tey,San Pedro,1000 San Pedro,123456789,TRUE,Agent,Property Register,999,Tey 2
tey@tooltwist.com,1001tey@tooltwist.com,123457,Tey,San Pedro,1001 San Pedro,123456790,TRUE,Agent,Property Register,1000,Tey 3
tey@tooltwist.com,1002tey@tooltwist.com,123458,Tey,San Pedro,1002 San Pedro,123456791,TRUE,Agent,Property Register,1001,Tey 4
tey@tooltwist.com,1003tey@tooltwist.com,123459,Tey,San Pedro,1003 San Pedro,123456792,TRUE,Agent,Property Register,1002,Tey 5
tey@tooltwist.com,1004tey@tooltwist.com,123460,Tey,San Pedro,1004 San Pedro,123456793,TRUE,Agent,Property Register,1003,Tey 6
tey@tooltwist.com,1005tey@tooltwist.com,123461,Tey,San Pedro,1005 San Pedro,123456794,TRUE,Agent,Property Register,1004,Tey 7
tey@tooltwist.com,1006tey@tooltwist.com,123462,Tey,San Pedro,1006 San Pedro,123456795,TRUE,Agent,Property Register,1005,Tey 8
tey@tooltwist.com,1007tey@tooltwist.com,123463,Tey,San Pedro,1007 San Pedro,123456796,TRUE,Agent,Property Register,1006,Tey 9
tey@tooltwist.com,1008tey@tooltwist.com,123464,Tey,San Pedro,1008 San Pedro,123456797,TRUE,Agent,Property Register,1007,Tey 10
tey@tooltwist.com,1009tey@tooltwist.com,123465,Tey,San Pedro,1009 San Pedro,123456798,TRUE,Agent,Property Register,1008,Tey 11
tey@tooltwist.com,1010tey@tooltwist.com,123466,Tey,San Pedro,1010 San Pedro,123456799,TRUE,Agent,Property Register,1009,Tey 12
tey@tooltwist.com,1011tey@tooltwist.com,123467,Tey,San Pedro,1011 San Pedro,123456800,TRUE,Agent,Property Register,1010,Tey 13
tey@tooltwist.com,1012tey@tooltwist.com,123468,Tey,San Pedro,1012 San Pedro,123456801,TRUE,Agent,Property Register,1011,Tey 14
tey@tooltwist.com,1013tey@tooltwist.com,123469,Tey,San Pedro,1013 San Pedro,123456802,TRUE,Agent,Property Register,1012,Tey 15
tey@tooltwist.com,1014tey@tooltwist.com,123470,Tey,San Pedro,1014 San Pedro,123456803,TRUE,Agent,Property Register,1013,Tey 16
tey@tooltwist.com,1015tey@tooltwist.com,123471,Tey,San Pedro,1015 San Pedro,123456804,TRUE,Agent,Property Register,1014,Tey 17
tey@tooltwist.com,1016tey@tooltwist.com,123472,Tey,San Pedro,1016 San Pedro,123456805,TRUE,Agent,Property Register,1015,Tey 18
tey@tooltwist.com,1017tey@tooltwist.com,123473,Tey,San Pedro,1017 San Pedro,123456806,TRUE,Agent,Property Register,1016,Tey 19
tey@tooltwist.com,1018tey@tooltwist.com,123474,Tey,San Pedro,1018 San Pedro,123456807,TRUE,Agent,Property Register,1017,Tey 20
tey@tooltwist.com,1019tey@tooltwist.com,123475,Tey,San Pedro,1019 San Pedro,123456808,TRUE,Agent,Property Register,1018,Tey 21
tey@tooltwist.com,1020tey@tooltwist.com,123476,Tey,San Pedro,1020 San Pedro,123456809,TRUE,Agent,Property Register,1019,Tey 22
tey@tooltwist.com,1021tey@tooltwist.com,123477,Tey,San Pedro,1021 San Pedro,123456810,TRUE,Agent,Property Register,1020,Tey 23
tey@tooltwist.com,1022tey@tooltwist.com,123478,Tey,San Pedro,1022 San Pedro,123456811,TRUE,Agent,Property Register,1021,Tey 24
tey@tooltwist.com,1023tey@tooltwist.com,123479,Tey,San Pedro,1023 San Pedro,123456812,TRUE,Agent,Property Register,1022,Tey 25
tey@tooltwist.com,1024tey@tooltwist.com,123480,Tey,San Pedro,1024 San Pedro,123456813,TRUE,Agent,Property Register,1023,Tey 26
tey@tooltwist.com,1025tey@tooltwist.com,123481,Tey,San Pedro,1025 San Pedro,123456814,TRUE,Agent,Property Register,1024,Tey 27
tey@tooltwist.com,1026tey@tooltwist.com,123482,Tey,San Pedro,1026 San Pedro,123456815,TRUE,Agent,Property Register,1025,Tey 28
tey@tooltwist.com,1027tey@tooltwist.com,123483,Tey,San Pedro,1027 San Pedro,123456816,TRUE,Agent,Property Register,1026,Tey 29
tey@tooltwist.com,1028tey@tooltwist.com,123484,Tey,San Pedro,1028 San Pedro,123456817,TRUE,Agent,Property Register,1027,Tey 30
tey@tooltwist.com,1029tey@tooltwist.com,123485,Tey,San Pedro,1029 San Pedro,123456818,TRUE,Agent,Property Register,1028,Tey 31
tey@tooltwist.com,1030tey@tooltwist.com,123486,Tey,San Pedro,1030 San Pedro,123456819,TRUE,Agent,Property Register,1029,Tey 32
tey@tooltwist.com,1031tey@tooltwist.com,123487,Tey,San Pedro,1031 San Pedro,123456820,TRUE,Agent,Property Register,1030,Tey 33
tey@tooltwist.com,1032tey@tooltwist.com,123488,Tey,San Pedro,1032 San Pedro,123456821,TRUE,Agent,Property Register,1031,Tey 34
tey@tooltwist.com,1033tey@tooltwist.com,123489,Tey,San Pedro,1033 San Pedro,123456822,TRUE,Agent,Property Register,1032,Tey 35
tey@tooltwist.com,1034tey@tooltwist.com,123490,Tey,San Pedro,1034 San Pedro,123456823,TRUE,Agent,Property Register,1033,Tey 36
tey@tooltwist.com,1035tey@tooltwist.com,123491,Tey,San Pedro,1035 San Pedro,123456824,TRUE,Agent,Property Register,1034,Tey 37
tey@tooltwist.com,1036tey@tooltwist.com,123492,Tey,San Pedro,1036 San Pedro,123456825,TRUE,Agent,Property Register,1035,Tey 38
tey@tooltwist.com,1037tey@tooltwist.com,123493,Tey,San Pedro,1037 San Pedro,123456826,TRUE,Agent,Property Register,1036,Tey 39
tey@tooltwist.com,1038tey@tooltwist.com,123494,Tey,San Pedro,1038 San Pedro,123456827,TRUE,Agent,Property Register,1037,Tey 40
tey@tooltwist.com,1039tey@tooltwist.com,123495,Tey,San Pedro,1039 San Pedro,123456828,TRUE,Agent,Property Register,1038,Tey 41
tey@tooltwist.com,1040tey@tooltwist.com,123496,Tey,San Pedro,1040 San Pedro,123456829,TRUE,Agent,Property Register,1039,Tey 42
tey@tooltwist.com,1041tey@tooltwist.com,123497,Tey,San Pedro,1041 San Pedro,123456830,TRUE,Agent,Property Register,1040,Tey 43
tey@tooltwist.com,1042tey@tooltwist.com,123498,Tey,San Pedro,1042 San Pedro,123456831,TRUE,Agent,Property Register,1041,Tey 44
tey@tooltwist.com,1043tey@tooltwist.com,123499,Tey,San Pedro,1043 San Pedro,123456832,TRUE,Agent,Property Register,1042,Tey 45
tey@tooltwist.com,1044tey@tooltwist.com,123500,Tey,San Pedro,1044 San Pedro,123456833,TRUE,Agent,Property Register,1043,Tey 46
tey@tooltwist.com,1045tey@tooltwist.com,123501,Tey,San Pedro,1045 San Pedro,123456834,TRUE,Agent,Property Register,1044,Tey 47
tey@tooltwist.com,1046tey@tooltwist.com,123502,Tey,San Pedro,1046 San Pedro,123456835,TRUE,Agent,Property Register,1045,Tey 48
tey@tooltwist.com,1047tey@tooltwist.com,123503,Tey,San Pedro,1047 San Pedro,123456836,TRUE,Agent,Property Register,1046,Tey 49
tey@tooltwist.com,1048tey@tooltwist.com,123504,Tey,San Pedro,1048 San Pedro,123456837,TRUE,Agent,Property Register,1047,Tey 50
tey@tooltwist.com,1049tey@tooltwist.com,123505,Tey,San Pedro,1049 San Pedro,123456838,TRUE,Agent,Property Register,1048,Tey 51
tey@tooltwist.com,1050tey@tooltwist.com,123506,Tey,San Pedro,1050 San Pedro,123456839,TRUE,Agent,Property Register,1049,Tey 52
tey@tooltwist.com,1051tey@tooltwist.com,123507,Tey,San Pedro,1051 San Pedro,123456840,TRUE,Agent,Property Register,1050,Tey 53
tey@tooltwist.com,1052tey@tooltwist.com,123508,Tey,San Pedro,1052 San Pedro,123456841,TRUE,Agent,Property Register,1051,Tey 54
tey@tooltwist.com,1053tey@tooltwist.com,123509,Tey,San Pedro,1053 San Pedro,123456842,TRUE,Agent,Property Register,1052,Tey 55
tey@tooltwist.com,1054tey@tooltwist.com,123510,Tey,San Pedro,1054 San Pedro,123456843,TRUE,Agent,Property Register,1053,Tey 56
tey@tooltwist.com,1055tey@tooltwist.com,123511,Tey,San Pedro,1055 San Pedro,123456844,TRUE,Agent,Property Register,1054,Tey 57
tey@tooltwist.com,1056tey@tooltwist.com,123512,Tey,San Pedro,1056 San Pedro,123456845,TRUE,Agent,Property Register,1055,Tey 58
tey@tooltwist.com,1057tey@tooltwist.com,123513,Tey,San Pedro,1057 San Pedro,123456846,TRUE,Agent,Property Register,1056,Tey 59
tey@tooltwist.com,1058tey@tooltwist.com,123514,Tey,San Pedro,1058 San Pedro,123456847,TRUE,Agent,Property Register,1057,Tey 60
tey@tooltwist.com,1059tey@tooltwist.com,123515,Tey,San Pedro,1059 San Pedro,123456848,TRUE,Agent,Property Register,1058,Tey 61
tey@tooltwist.com,1060tey@tooltwist.com,123516,Tey,San Pedro,1060 San Pedro,123456849,TRUE,Agent,Property Register,1059,Tey 62
tey@tooltwist.com,1061tey@tooltwist.com,123517,Tey,San Pedro,1061 San Pedro,123456850,TRUE,Agent,Property Register,1060,Tey 63
tey@tooltwist.com,1062tey@tooltwist.com,123518,Tey,San Pedro,1062 San Pedro,123456851,TRUE,Agent,Property Register,1061,Tey 64
tey@tooltwist.com,1063tey@tooltwist.com,123519,Tey,San Pedro,1063 San Pedro,123456852,TRUE,Agent,Property Register,1062,Tey 65
tey@tooltwist.com,1064tey@tooltwist.com,123520,Tey,San Pedro,1064 San Pedro,123456853,TRUE,Agent,Property Register,1063,Tey 66
tey@tooltwist.com,1065tey@tooltwist.com,123521,Tey,San Pedro,1065 San Pedro,123456854,TRUE,Agent,Property Register,1064,Tey 67
tey@tooltwist.com,1066tey@tooltwist.com,123522,Tey,San Pedro,1066 San Pedro,123456855,TRUE,Agent,Property Register,1065,Tey 68
tey@tooltwist.com,1067tey@tooltwist.com,123523,Tey,San Pedro,1067 San Pedro,123456856,TRUE,Agent,Property Register,1066,Tey 69
tey@tooltwist.com,1068tey@tooltwist.com,123524,Tey,San Pedro,1068 San Pedro,123456857,TRUE,Agent,Property Register,1067,Tey 70
tey@tooltwist.com,1069tey@tooltwist.com,123525,Tey,San Pedro,1069 San Pedro,123456858,TRUE,Agent,Property Register,1068,Tey 71
tey@tooltwist.com,1070tey@tooltwist.com,123526,Tey,San Pedro,1070 San Pedro,123456859,TRUE,Agent,Property Register,1069,Tey 72
tey@tooltwist.com,1071tey@tooltwist.com,123527,Tey,San Pedro,1071 San Pedro,123456860,TRUE,Agent,Property Register,1070,Tey 73
tey@tooltwist.com,1072tey@tooltwist.com,123528,Tey,San Pedro,1072 San Pedro,123456861,TRUE,Agent,Property Register,1071,Tey 74
tey@tooltwist.com,1073tey@tooltwist.com,123529,Tey,San Pedro,1073 San Pedro,123456862,TRUE,Agent,Property Register,1072,Tey 75
tey@tooltwist.com,1074tey@tooltwist.com,123530,Tey,San Pedro,1074 San Pedro,123456863,TRUE,Agent,Property Register,1073,Tey 76
tey@tooltwist.com,1075tey@tooltwist.com,123531,Tey,San Pedro,1075 San Pedro,123456864,TRUE,Agent,Property Register,1074,Tey 77
tey@tooltwist.com,1076tey@tooltwist.com,123532,Tey,San Pedro,1076 San Pedro,123456865,TRUE,Agent,Property Register,1075,Tey 78
tey@tooltwist.com,1077tey@tooltwist.com,123533,Tey,San Pedro,1077 San Pedro,123456866,TRUE,Agent,Property Register,1076,Tey 79
tey@tooltwist.com,1078tey@tooltwist.com,123534,Tey,San Pedro,1078 San Pedro,123456867,TRUE,Agent,Property Register,1077,Tey 80
tey@tooltwist.com,1079tey@tooltwist.com,123535,Tey,San Pedro,1079 San Pedro,123456868,TRUE,Agent,Property Register,1078,Tey 81
tey@tooltwist.com,1080tey@tooltwist.com,123536,Tey,San Pedro,1080 San Pedro,123456869,TRUE,Agent,Property Register,1079,Tey 82
tey@tooltwist.com,1081tey@tooltwist.com,123537,Tey,San Pedro,1081 San Pedro,123456870,TRUE,Agent,Property Register,1080,Tey 83
tey@tooltwist.com,1082tey@tooltwist.com,123538,Tey,San Pedro,1082 San Pedro,123456871,TRUE,Agent,Property Register,1081,Tey 84
tey@tooltwist.com,1083tey@tooltwist.com,123539,Tey,San Pedro,1083 San Pedro,123456872,TRUE,Agent,Property Register,1082,Tey 85
tey@tooltwist.com,1084tey@tooltwist.com,123540,Tey,San Pedro,1084 San Pedro,123456873,TRUE,Agent,Property Register,1083,Tey 86
tey@tooltwist.com,1085tey@tooltwist.com,123541,Tey,San Pedro,1085 San Pedro,123456874,TRUE,Agent,Property Register,1084,Tey 87
tey@tooltwist.com,1086tey@tooltwist.com,123542,Tey,San Pedro,1086 San Pedro,123456875,TRUE,Agent,Property Register,1085,Tey 88
tey@tooltwist.com,1087tey@tooltwist.com,123543,Tey,San Pedro,1087 San Pedro,123456876,TRUE,Agent,Property Register,1086,Tey 89
tey@tooltwist.com,1088tey@tooltwist.com,123544,Tey,San Pedro,1088 San Pedro,123456877,TRUE,Agent,Property Register,1087,Tey 90
tey@tooltwist.com,1089tey@tooltwist.com,123545,Tey,San Pedro,1089 San Pedro,123456878,TRUE,Agent,Property Register,1088,Tey 91
tey@tooltwist.com,1090tey@tooltwist.com,123546,Tey,San Pedro,1090 San Pedro,123456879,TRUE,Agent,Property Register,1089,Tey 92
tey@tooltwist.com,1091tey@tooltwist.com,123547,Tey,San Pedro,1091 San Pedro,123456880,TRUE,Agent,Property Register,1090,Tey 93
tey@tooltwist.com,1092tey@tooltwist.com,123548,Tey,San Pedro,1092 San Pedro,123456881,TRUE,Agent,Property Register,1091,Tey 94
tey@tooltwist.com,1093tey@tooltwist.com,123549,Tey,San Pedro,1093 San Pedro,123456882,TRUE,Agent,Property Register,1092,Tey 95
tey@tooltwist.com,1094tey@tooltwist.com,123550,Tey,San Pedro,1094 San Pedro,123456883,TRUE,Agent,Property Register,1093,Tey 96
tey@tooltwist.com,1095tey@tooltwist.com,123551,Tey,San Pedro,1095 San Pedro,123456884,TRUE,Agent,Property Register,1094,Tey 97
tey@tooltwist.com,1096tey@tooltwist.com,123552,Tey,San Pedro,1096 San Pedro,123456885,TRUE,Agent,Property Register,1095,Tey 98
tey@tooltwist.com,1097tey@tooltwist.com,123553,Tey,San Pedro,1097 San Pedro,123456886,TRUE,Agent,Property Register,1096,Tey 99
tey@tooltwist.com,1098tey@tooltwist.com,123554,Tey,San Pedro,1098 San Pedro,123456887,TRUE,Agent,Property Register,1097,Tey 100
tey@tooltwist.com,1099tey@tooltwist.com,123555,Tey,San Pedro,1099 San Pedro,123456888,TRUE,Agent,Property Register,1098,Tey 101
tey@tooltwist.com,1100tey@tooltwist.com,123556,Tey,San Pedro,1100 San Pedro,123456889,TRUE,Agent,Property Register,1099,Tey 102
tey@tooltwist.com,1101tey@tooltwist.com,123557,Tey,San Pedro,1101 San Pedro,123456890,TRUE,Agent,Property Register,1100,Tey 103
tey@tooltwist.com,1102tey@tooltwist.com,123558,Tey,San Pedro,1102 San Pedro,123456891,TRUE,Agent,Property Register,1101,Tey 104
tey@tooltwist.com,1103tey@tooltwist.com,123559,Tey,San Pedro,1103 San Pedro,123456892,TRUE,Agent,Property Register,1102,Tey 105
tey@tooltwist.com,1104tey@tooltwist.com,123560,Tey,San Pedro,1104 San Pedro,123456893,TRUE,Agent,Property Register,1103,Tey 106
tey@tooltwist.com,1105tey@tooltwist.com,123561,Tey,San Pedro,1105 San Pedro,123456894,TRUE,Agent,Property Register,1104,Tey 107
tey@tooltwist.com,1106tey@tooltwist.com,123562,Tey,San Pedro,1106 San Pedro,123456895,TRUE,Agent,Property Register,1105,Tey 108
tey@tooltwist.com,1107tey@tooltwist.com,123563,Tey,San Pedro,1107 San Pedro,123456896,TRUE,Agent,Property Register,1106,Tey 109
tey@tooltwist.com,1108tey@tooltwist.com,123564,Tey,San Pedro,1108 San Pedro,123456897,TRUE,Agent,Property Register,1107,Tey 110
tey@tooltwist.com,1109tey@tooltwist.com,123565,Tey,San Pedro,1109 San Pedro,123456898,TRUE,Agent,Property Register,1108,Tey 111
tey@tooltwist.com,1110tey@tooltwist.com,123566,Tey,San Pedro,1110 San Pedro,123456899,TRUE,Agent,Property Register,1109,Tey 112
tey@tooltwist.com,1111tey@tooltwist.com,123567,Tey,San Pedro,1111 San Pedro,123456900,TRUE,Agent,Property Register,1110,Tey 113
tey@tooltwist.com,1112tey@tooltwist.com,123568,Tey,San Pedro,1112 San Pedro,123456901,TRUE,Agent,Property Register,1111,Tey 114
tey@tooltwist.com,1113tey@tooltwist.com,123569,Tey,San Pedro,1113 San Pedro,123456902,TRUE,Agent,Property Register,1112,Tey 115
tey@tooltwist.com,1114tey@tooltwist.com,123570,Tey,San Pedro,1114 San Pedro,123456903,TRUE,Agent,Property Register,1113,Tey 116
tey@tooltwist.com,1115tey@tooltwist.com,123571,Tey,San Pedro,1115 San Pedro,123456904,TRUE,Agent,Property Register,1114,Tey 117
tey@tooltwist.com,1116tey@tooltwist.com,123572,Tey,San Pedro,1116 San Pedro,123456905,TRUE,Agent,Property Register,1115,Tey 118
tey@tooltwist.com,1117tey@tooltwist.com,123573,Tey,San Pedro,1117 San Pedro,123456906,TRUE,Agent,Property Register,1116,Tey 119
tey@tooltwist.com,1118tey@tooltwist.com,123574,Tey,San Pedro,1118 San Pedro,123456907,TRUE,Agent,Property Register,1117,Tey 120
tey@tooltwist.com,1119tey@tooltwist.com,123575,Tey,San Pedro,1119 San Pedro,123456908,TRUE,Agent,Property Register,1118,Tey 121
tey@tooltwist.com,1120tey@tooltwist.com,123576,Tey,San Pedro,1120 San Pedro,123456909,TRUE,Agent,Property Register,1119,Tey 122
tey@tooltwist.com,1121tey@tooltwist.com,123577,Tey,San Pedro,1121 San Pedro,123456910,TRUE,Agent,Property Register,1120,Tey 123
tey@tooltwist.com,1122tey@tooltwist.com,123578,Tey,San Pedro,1122 San Pedro,123456911,TRUE,Agent,Property Register,1121,Tey 124
tey@tooltwist.com,1123tey@tooltwist.com,123579,Tey,San Pedro,1123 San Pedro,123456912,TRUE,Agent,Property Register,1122,Tey 125
tey@tooltwist.com,1124tey@tooltwist.com,123580,Tey,San Pedro,1124 San Pedro,123456913,TRUE,Agent,Property Register,1123,Tey 126
tey@tooltwist.com,1125tey@tooltwist.com,123581,Tey,San Pedro,1125 San Pedro,123456914,TRUE,Agent,Property Register,1124,Tey 127
tey@tooltwist.com,1126tey@tooltwist.com,123582,Tey,San Pedro,1126 San Pedro,123456915,TRUE,Agent,Property Register,1125,Tey 128
tey@tooltwist.com,1127tey@tooltwist.com,123583,Tey,San Pedro,1127 San Pedro,123456916,TRUE,Agent,Property Register,1126,Tey 129
tey@tooltwist.com,1128tey@tooltwist.com,123584,Tey,San Pedro,1128 San Pedro,123456917,TRUE,Agent,Property Register,1127,Tey 130
tey@tooltwist.com,1129tey@tooltwist.com,123585,Tey,San Pedro,1129 San Pedro,123456918,TRUE,Agent,Property Register,1128,Tey 131
tey@tooltwist.com,1130tey@tooltwist.com,123586,Tey,San Pedro,1130 San Pedro,123456919,TRUE,Agent,Property Register,1129,Tey 132
tey@tooltwist.com,1131tey@tooltwist.com,123587,Tey,San Pedro,1131 San Pedro,123456920,TRUE,Agent,Property Register,1130,Tey 133
tey@tooltwist.com,1132tey@tooltwist.com,123588,Tey,San Pedro,1132 San Pedro,123456921,TRUE,Agent,Property Register,1131,Tey 134
tey@tooltwist.com,1133tey@tooltwist.com,123589,Tey,San Pedro,1133 San Pedro,123456922,TRUE,Agent,Property Register,1132,Tey 135
tey@tooltwist.com,1134tey@tooltwist.com,123590,Tey,San Pedro,1134 San Pedro,123456923,TRUE,Agent,Property Register,1133,Tey 136
tey@tooltwist.com,1135tey@tooltwist.com,123591,Tey,San Pedro,1135 San Pedro,123456924,TRUE,Agent,Property Register,1134,Tey 137
tey@tooltwist.com,1136tey@tooltwist.com,123592,Tey,San Pedro,1136 San Pedro,123456925,TRUE,Agent,Property Register,1135,Tey 138
tey@tooltwist.com,1137tey@tooltwist.com,123593,Tey,San Pedro,1137 San Pedro,123456926,TRUE,Agent,Property Register,1136,Tey 139
tey@tooltwist.com,1138tey@tooltwist.com,123594,Tey,San Pedro,1138 San Pedro,123456927,TRUE,Agent,Property Register,1137,Tey 140
tey@tooltwist.com,1139tey@tooltwist.com,123595,Tey,San Pedro,1139 San Pedro,123456928,TRUE,Agent,Property Register,1138,Tey 141
tey@tooltwist.com,1140tey@tooltwist.com,123596,Tey,San Pedro,1140 San Pedro,123456929,TRUE,Agent,Property Register,1139,Tey 142
tey@tooltwist.com,1141tey@tooltwist.com,123597,Tey,San Pedro,1141 San Pedro,123456930,TRUE,Agent,Property Register,1140,Tey 143
tey@tooltwist.com,1142tey@tooltwist.com,123598,Tey,San Pedro,1142 San Pedro,123456931,TRUE,Agent,Property Register,1141,Tey 144
tey@tooltwist.com,1143tey@tooltwist.com,123599,Tey,San Pedro,1143 San Pedro,123456932,TRUE,Agent,Property Register,1142,Tey 145
tey@tooltwist.com,1144tey@tooltwist.com,123600,Tey,San Pedro,1144 San Pedro,123456933,TRUE,Agent,Property Register,1143,Tey 146
tey@tooltwist.com,1145tey@tooltwist.com,123601,Tey,San Pedro,1145 San Pedro,123456934,TRUE,Agent,Property Register,1144,Tey 147
tey@tooltwist.com,1146tey@tooltwist.com,123602,Tey,San Pedro,1146 San Pedro,123456935,TRUE,Agent,Property Register,1145,Tey 148
tey@tooltwist.com,1147tey@tooltwist.com,123603,Tey,San Pedro,1147 San Pedro,123456936,TRUE,Agent,Property Register,1146,Tey 149
tey@tooltwist.com,1148tey@tooltwist.com,123604,Tey,San Pedro,1148 San Pedro,123456937,TRUE,Agent,Property Register,1147,Tey 150
tey@tooltwist.com,1149tey@tooltwist.com,123605,Tey,San Pedro,1149 San Pedro,123456938,TRUE,Agent,Property Register,1148,Tey 151
tey@tooltwist.com,1150tey@tooltwist.com,123606,Tey,San Pedro,1150 San Pedro,123456939,TRUE,Agent,Property Register,1149,Tey 152
tey@tooltwist.com,1151tey@tooltwist.com,123607,Tey,San Pedro,1151 San Pedro,123456940,TRUE,Agent,Property Register,1150,Tey 153
tey@tooltwist.com,1152tey@tooltwist.com,123608,Tey,San Pedro,1152 San Pedro,123456941,TRUE,Agent,Property Register,1151,Tey 154
tey@tooltwist.com,1153tey@tooltwist.com,123609,Tey,San Pedro,1153 San Pedro,123456942,TRUE,Agent,Property Register,1152,Tey 155
tey@tooltwist.com,1154tey@tooltwist.com,123610,Tey,San Pedro,1154 San Pedro,123456943,TRUE,Agent,Property Register,1153,Tey 156
tey@tooltwist.com,1155tey@tooltwist.com,123611,Tey,San Pedro,1155 San Pedro,123456944,TRUE,Agent,Property Register,1154,Tey 157
tey@tooltwist.com,1156tey@tooltwist.com,123612,Tey,San Pedro,1156 San Pedro,123456945,TRUE,Agent,Property Register,1155,Tey 158
tey@tooltwist.com,1157tey@tooltwist.com,123613,Tey,San Pedro,1157 San Pedro,123456946,TRUE,Agent,Property Register,1156,Tey 159
tey@tooltwist.com,1158tey@tooltwist.com,123614,Tey,San Pedro,1158 San Pedro,123456947,TRUE,Agent,Property Register,1157,Tey 160
tey@tooltwist.com,1159tey@tooltwist.com,123615,Tey,San Pedro,1159 San Pedro,123456948,TRUE,Agent,Property Register,1158,Tey 161
tey@tooltwist.com,1160tey@tooltwist.com,123616,Tey,San Pedro,1160 San Pedro,123456949,TRUE,Agent,Property Register,1159,Tey 162
tey@tooltwist.com,1161tey@tooltwist.com,123617,Tey,San Pedro,1161 San Pedro,123456950,TRUE,Agent,Property Register,1160,Tey 163
tey@tooltwist.com,1162tey@tooltwist.com,123618,Tey,San Pedro,1162 San Pedro,123456951,TRUE,Agent,Property Register,1161,Tey 164
tey@tooltwist.com,1163tey@tooltwist.com,123619,Tey,San Pedro,1163 San Pedro,123456952,TRUE,Agent,Property Register,1162,Tey 165
tey@tooltwist.com,1164tey@tooltwist.com,123620,Tey,San Pedro,1164 San Pedro,123456953,TRUE,Agent,Property Register,1163,Tey 166
tey@tooltwist.com,1165tey@tooltwist.com,123621,Tey,San Pedro,1165 San Pedro,123456954,TRUE,Agent,Property Register,1164,Tey 167
tey@tooltwist.com,1166tey@tooltwist.com,123622,Tey,San Pedro,1166 San Pedro,123456955,TRUE,Agent,Property Register,1165,Tey 168
tey@tooltwist.com,1167tey@tooltwist.com,123623,Tey,San Pedro,1167 San Pedro,123456956,TRUE,Agent,Property Register,1166,Tey 169
tey@tooltwist.com,1168tey@tooltwist.com,123624,Tey,San Pedro,1168 San Pedro,123456957,TRUE,Agent,Property Register,1167,Tey 170
tey@tooltwist.com,1169tey@tooltwist.com,123625,Tey,San Pedro,1169 San Pedro,123456958,TRUE,Agent,Property Register,1168,Tey 171
tey@tooltwist.com,1170tey@tooltwist.com,123626,Tey,San Pedro,1170 San Pedro,123456959,TRUE,Agent,Property Register,1169,Tey 172
tey@tooltwist.com,1171tey@tooltwist.com,123627,Tey,San Pedro,1171 San Pedro,123456960,TRUE,Agent,Property Register,1170,Tey 173
tey@tooltwist.com,1172tey@tooltwist.com,123628,Tey,San Pedro,1172 San Pedro,123456961,TRUE,Agent,Property Register,1171,Tey 174
tey@tooltwist.com,1173tey@tooltwist.com,123629,Tey,San Pedro,1173 San Pedro,123456962,TRUE,Agent,Property Register,1172,Tey 175
